dataset,region,method,variant_type,tp,fp,fn,precision,recall,f1
seqc2_wes_ll,ukb,refined_consensus,snp,1012,34,1193,0.9674952198852772,0.45895691609977324,0.6225776684097201
seqc2_wes_ll,ukb,refined_consensus,indel,40,1,55,0.975609756097561,0.42105263157894735,0.5882352941176471
seqc2_wes_ll,ukb,refined_consensus,records,1052,35,1248,0.9678012879484821,0.4573913043478261,0.6211987009152643
seqc2_wes_ll,medexome,refined_consensus,snp,543,17,252,0.9696428571428571,0.6830188679245283,0.8014760147601475
seqc2_wes_ll,medexome,refined_consensus,indel,21,1,13,0.9545454545454546,0.6176470588235294,0.75
seqc2_wes_ll,medexome,refined_consensus,records,564,18,265,0.9690721649484536,0.6803377563329313,0.7994330262225372
seqc2_wes_ll,ukb,deepsomatic,snp,1007,34,1198,0.9673390970220941,0.45668934240362813,0.6204559457794208
seqc2_wes_ll,ukb,deepsomatic,indel,41,4,54,0.9111111111111111,0.43157894736842106,0.5857142857142857
seqc2_wes_ll,ukb,deepsomatic,records,1048,38,1252,0.9650092081031307,0.45565217391304347,0.6190194920259894
seqc2_wes_ll,medexome,deepsomatic,snp,540,17,255,0.9694793536804309,0.6792452830188679,0.7988165680473374
seqc2_wes_ll,medexome,deepsomatic,indel,23,2,11,0.92,0.6764705882352942,0.7796610169491526
seqc2_wes_ll,medexome,deepsomatic,records,563,19,266,0.9673539518900344,0.6791314837153196,0.7980155917788802
seqc2_wes_ll,ukb,refined_first_rescue,snp,1021,37,1184,0.9650283553875236,0.46303854875283446,0.6258044744100522
seqc2_wes_ll,ukb,refined_first_rescue,indel,40,1,55,0.975609756097561,0.42105263157894735,0.5882352941176471
seqc2_wes_ll,ukb,refined_first_rescue,records,1061,38,1239,0.9654231119199272,0.461304347826087,0.6243012650779641
seqc2_wes_ll,medexome,refined_first_rescue,snp,548,19,247,0.9664902998236331,0.6893081761006289,0.8046989720998531
seqc2_wes_ll,medexome,refined_first_rescue,indel,21,1,13,0.9545454545454546,0.6176470588235294,0.75
seqc2_wes_ll,medexome,refined_first_rescue,records,569,20,260,0.966044142614601,0.6863691194209891,0.8025387870239773
seqc2_wes_ll,ukb,workflow_first_rescue,snp,956,475,1249,0.6680642907058001,0.4335600907029478,0.5258525852585259
seqc2_wes_ll,ukb,workflow_first_rescue,indel,35,30,60,0.5384615384615384,0.3684210526315789,0.4375
seqc2_wes_ll,ukb,workflow_first_rescue,records,991,505,1309,0.6624331550802139,0.4308695652173913,0.5221285563751317
seqc2_wes_ll,medexome,workflow_first_rescue,snp,533,329,262,0.6183294663573086,0.670440251572327,0.6433313216656608
seqc2_wes_ll,medexome,workflow_first_rescue,indel,18,11,16,0.6206896551724138,0.5294117647058824,0.5714285714285715
seqc2_wes_ll,medexome,workflow_first_rescue,records,551,340,278,0.6184062850729517,0.6646562123039808,0.6406976744186047
seqc2_wes_ll,ukb,refined_realignment_rescue,snp,1023,36,1182,0.9660056657223796,0.4639455782312925,0.6268382352941175
seqc2_wes_ll,ukb,refined_realignment_rescue,indel,40,1,55,0.975609756097561,0.42105263157894735,0.5882352941176471
seqc2_wes_ll,ukb,refined_realignment_rescue,records,1063,37,1237,0.9663636363636363,0.46217391304347827,0.6252941176470588
seqc2_wes_ll,medexome,refined_realignment_rescue,snp,549,19,246,0.9665492957746479,0.690566037735849,0.805575935436537
seqc2_wes_ll,medexome,refined_realignment_rescue,indel,21,1,13,0.9545454545454546,0.6176470588235294,0.75
seqc2_wes_ll,medexome,refined_realignment_rescue,records,570,20,259,0.9661016949152542,0.6875753920386007,0.8033826638477801
seqc2_wes_ll,ukb,workflow_realignment_rescue,snp,975,290,1230,0.7707509881422925,0.4421768707482993,0.5619596541786743
seqc2_wes_ll,ukb,workflow_realignment_rescue,indel,36,20,59,0.6428571428571429,0.37894736842105264,0.4768211920529802
seqc2_wes_ll,ukb,workflow_realignment_rescue,records,1011,314,1289,0.7630188679245283,0.43956521739130433,0.5577931034482758
seqc2_wes_ll,medexome,workflow_realignment_rescue,snp,538,165,257,0.7652916073968705,0.6767295597484276,0.7182910547396529
seqc2_wes_ll,medexome,workflow_realignment_rescue,indel,19,5,15,0.7916666666666666,0.5588235294117647,0.6551724137931034
seqc2_wes_ll,medexome,workflow_realignment_rescue,records,557,174,272,0.761969904240766,0.6718938480096501,0.714102564102564
seqc2_wgs_il,ukb,refined_consensus,snp,2091,8,114,0.9961886612672701,0.9482993197278912,0.9716542750929368
seqc2_wgs_il,ukb,refined_consensus,indel,81,6,14,0.9310344827586207,0.8526315789473684,0.8901098901098902
seqc2_wgs_il,ukb,refined_consensus,records,2172,14,128,0.9935956084172004,0.9443478260869566,0.968345965225145
seqc2_wgs_il,medexome,refined_consensus,snp,675,2,120,0.9970457902511078,0.8490566037735849,0.9171195652173914
seqc2_wgs_il,medexome,refined_consensus,indel,29,2,5,0.9354838709677419,0.8529411764705882,0.8923076923076922
seqc2_wgs_il,medexome,refined_consensus,records,704,4,125,0.9943502824858758,0.8492159227985525,0.9160702667534159
seqc2_wgs_il,ukb,deepsomatic,snp,2083,8,122,0.9961740793878527,0.944671201814059,0.9697392923649907
seqc2_wgs_il,ukb,deepsomatic,indel,85,11,10,0.8854166666666666,0.8947368421052632,0.8900523560209423
seqc2_wgs_il,ukb,deepsomatic,records,2168,19,132,0.9913122999542753,0.9426086956521739,0.9663472253175841
seqc2_wgs_il,medexome,deepsomatic,snp,674,2,121,0.9970414201183432,0.8477987421383648,0.9163834126444595
seqc2_wgs_il,medexome,deepsomatic,indel,28,4,6,0.875,0.8235294117647058,0.8484848484848485
seqc2_wgs_il,medexome,deepsomatic,records,702,6,127,0.9915254237288136,0.8468033775633294,0.9134677944046845
seqc2_wgs_il,ukb,refined_first_rescue,snp,2091,8,114,0.9961886612672701,0.9482993197278912,0.9716542750929368
seqc2_wgs_il,ukb,refined_first_rescue,indel,81,6,14,0.9310344827586207,0.8526315789473684,0.8901098901098902
seqc2_wgs_il,ukb,refined_first_rescue,records,2172,14,128,0.9935956084172004,0.9443478260869566,0.968345965225145
seqc2_wgs_il,medexome,refined_first_rescue,snp,675,2,120,0.9970457902511078,0.8490566037735849,0.9171195652173914
seqc2_wgs_il,medexome,refined_first_rescue,indel,29,2,5,0.9354838709677419,0.8529411764705882,0.8923076923076922
seqc2_wgs_il,medexome,refined_first_rescue,records,704,4,125,0.9943502824858758,0.8492159227985525,0.9160702667534159
seqc2_wgs_il,ukb,workflow_first_rescue,snp,2070,21,135,0.9899569583931134,0.9387755102040817,0.963687150837989
seqc2_wgs_il,ukb,workflow_first_rescue,indel,71,4,24,0.9466666666666667,0.7473684210526316,0.8352941176470587
seqc2_wgs_il,ukb,workflow_first_rescue,records,2141,25,159,0.9884579870729455,0.9308695652173913,0.9587998208687863
seqc2_wgs_il,medexome,workflow_first_rescue,snp,671,4,124,0.9940740740740741,0.8440251572327044,0.9129251700680273
seqc2_wgs_il,medexome,workflow_first_rescue,indel,24,1,10,0.96,0.7058823529411765,0.8135593220338982
seqc2_wgs_il,medexome,workflow_first_rescue,records,695,5,134,0.9928571428571429,0.8383594692400482,0.9090909090909091
seqc2_wgs_il,ukb,refined_realignment_rescue,snp,2091,8,114,0.9961886612672701,0.9482993197278912,0.9716542750929368
seqc2_wgs_il,ukb,refined_realignment_rescue,indel,81,6,14,0.9310344827586207,0.8526315789473684,0.8901098901098902
seqc2_wgs_il,ukb,refined_realignment_rescue,records,2172,14,128,0.9935956084172004,0.9443478260869566,0.968345965225145
seqc2_wgs_il,medexome,refined_realignment_rescue,snp,675,2,120,0.9970457902511078,0.8490566037735849,0.9171195652173914
seqc2_wgs_il,medexome,refined_realignment_rescue,indel,29,2,5,0.9354838709677419,0.8529411764705882,0.8923076923076922
seqc2_wgs_il,medexome,refined_realignment_rescue,records,704,4,125,0.9943502824858758,0.8492159227985525,0.9160702667534159
seqc2_wgs_il,ukb,workflow_realignment_rescue,snp,2071,21,134,0.989961759082218,0.9392290249433106,0.9639283220851756
seqc2_wgs_il,ukb,workflow_realignment_rescue,indel,73,4,22,0.948051948051948,0.7684210526315789,0.8488372093023255
seqc2_wgs_il,ukb,workflow_realignment_rescue,records,2144,25,156,0.9884739511295528,0.9321739130434783,0.9594987692996196
seqc2_wgs_il,medexome,workflow_realignment_rescue,snp,669,5,126,0.9925816023738873,0.8415094339622642,0.9108236895847517
seqc2_wgs_il,medexome,workflow_realignment_rescue,indel,25,1,9,0.9615384615384616,0.7352941176470589,0.8333333333333333
seqc2_wgs_il,medexome,workflow_realignment_rescue,records,694,6,135,0.9914285714285714,0.8371531966224367,0.907782864617397
hg008_wgs,ukb,refined_consensus,snp,410,16,20,0.9624413145539906,0.9534883720930233,0.9579439252336449
hg008_wgs,ukb,refined_consensus,indel,90,4,153,0.9574468085106383,0.37037037037037035,0.5341246290801187
hg008_wgs,ukb,refined_consensus,records,500,20,169,0.9615384615384616,0.7473841554559043,0.8410428931875525
hg008_wgs,medexome,refined_consensus,snp,135,4,19,0.9712230215827338,0.8766233766233766,0.9215017064846416
hg008_wgs,medexome,refined_consensus,indel,17,0,41,1,0.29310344827586204,0.4533333333333333
hg008_wgs,medexome,refined_consensus,records,152,4,59,0.9743589743589743,0.7203791469194313,0.8283378746594006
hg008_wgs,ukb,deepsomatic,snp,408,15,22,0.9645390070921985,0.9488372093023256,0.9566236811254396
hg008_wgs,ukb,deepsomatic,indel,64,9,179,0.8767123287671232,0.26337448559670784,0.40506329113924044
hg008_wgs,ukb,deepsomatic,records,472,24,197,0.9516129032258065,0.7055306427503737,0.8103004291845493
hg008_wgs,medexome,deepsomatic,snp,135,4,19,0.9712230215827338,0.8766233766233766,0.9215017064846416
hg008_wgs,medexome,deepsomatic,indel,19,2,39,0.9047619047619048,0.3275862068965517,0.48101265822784806
hg008_wgs,medexome,deepsomatic,records,154,6,57,0.9625,0.7298578199052133,0.830188679245283
hg008_wgs,ukb,refined_first_rescue,snp,410,21,20,0.951276102088167,0.9534883720930233,0.9523809523809523
hg008_wgs,ukb,refined_first_rescue,indel,90,4,153,0.9574468085106383,0.37037037037037035,0.5341246290801187
hg008_wgs,ukb,refined_first_rescue,records,500,25,169,0.9523809523809523,0.7473841554559043,0.8375209380234505
hg008_wgs,medexome,refined_first_rescue,snp,135,5,19,0.9642857142857143,0.8766233766233766,0.9183673469387756
hg008_wgs,medexome,refined_first_rescue,indel,17,0,41,1,0.29310344827586204,0.4533333333333333
hg008_wgs,medexome,refined_first_rescue,records,152,5,59,0.9681528662420382,0.7203791469194313,0.826086956521739
hg008_wgs,ukb,workflow_first_rescue,snp,410,148,20,0.7347670250896058,0.9534883720930233,0.8299595141700405
hg008_wgs,ukb,workflow_first_rescue,indel,80,2,163,0.975609756097561,0.3292181069958848,0.4923076923076923
hg008_wgs,ukb,workflow_first_rescue,records,490,150,179,0.765625,0.7324364723467862,0.7486631016042781
hg008_wgs,medexome,workflow_first_rescue,snp,136,49,18,0.7351351351351352,0.8831168831168831,0.8023598820058997
hg008_wgs,medexome,workflow_first_rescue,indel,17,0,41,1,0.29310344827586204,0.4533333333333333
hg008_wgs,medexome,workflow_first_rescue,records,153,49,58,0.7574257425742574,0.7251184834123223,0.7409200968523003
hg008_wgs,ukb,refined_realignment_rescue,snp,410,19,20,0.9557109557109557,0.9534883720930233,0.9545983701979045
hg008_wgs,ukb,refined_realignment_rescue,indel,90,4,153,0.9574468085106383,0.37037037037037035,0.5341246290801187
hg008_wgs,ukb,refined_realignment_rescue,records,500,23,169,0.9560229445506692,0.7473841554559043,0.8389261744966442
hg008_wgs,medexome,refined_realignment_rescue,snp,135,4,19,0.9712230215827338,0.8766233766233766,0.9215017064846416
hg008_wgs,medexome,refined_realignment_rescue,indel,17,0,41,1,0.29310344827586204,0.4533333333333333
hg008_wgs,medexome,refined_realignment_rescue,records,152,4,59,0.9743589743589743,0.7203791469194313,0.8283378746594006
hg008_wgs,ukb,workflow_realignment_rescue,snp,410,111,20,0.7869481765834933,0.9534883720930233,0.8622502628811777
hg008_wgs,ukb,workflow_realignment_rescue,indel,81,2,162,0.9759036144578314,0.3333333333333333,0.4969325153374233
hg008_wgs,ukb,workflow_realignment_rescue,records,491,113,178,0.8129139072847682,0.7339312406576981,0.7714061272584446
hg008_wgs,medexome,workflow_realignment_rescue,snp,136,28,18,0.8292682926829268,0.8831168831168831,0.8553459119496856
hg008_wgs,medexome,workflow_realignment_rescue,indel,17,0,41,1,0.29310344827586204,0.4533333333333333
hg008_wgs,medexome,workflow_realignment_rescue,records,153,28,58,0.8453038674033149,0.7251184834123223,0.7806122448979591
