sample_id	verdict	label_vcf	bam_dn	bam_dt	bam_rt	set_number
PRJNA298310_3812	PASS	/t9k/mnt/hdd/work/Vax/pipeline/rnadnavar/examples/seq2neo/output_reconsensus/PRJNA298310_3812/rescue/PRJNA298310_3812DT_vs_PRJNA298310_3812DN_rescued_PRJNA298310_3812RT_realign_vs_PRJNA298310_3812DN/PRJNA298310_3812DT_vs_PRJNA298310_3812DN_rescued_PRJNA298310_3812RT_realign_vs_PRJNA298310_3812DN.filtered.vcf.stripped.vcf.gz	/t9k/mnt/WorkSpace/data/ngs/liuxin/seq2neo/output_1/PRJNA298310_3812/preprocessing/mapped/PRJNA298310_3812DN/PRJNA298310_3812DN.sorted.bam	/t9k/mnt/WorkSpace/data/ngs/liuxin/seq2neo/output_1/PRJNA298310_3812/preprocessing/mapped/PRJNA298310_3812DT/PRJNA298310_3812DT.sorted.bam	/t9k/mnt/WorkSpace/data/ngs/liuxin/seq2neo/output_1/PRJNA298310_3812/preprocessing/mapped/PRJNA298310_3812RT/PRJNA298310_3812RT.bam	3
PRJNA298330_3812	PASS	/t9k/mnt/hdd/work/Vax/pipeline/rnadnavar/examples/seq2neo/output_reconsensus/PRJNA298330_3812/rescue/PRJNA298330_3812DT_vs_PRJNA298330_3812DN_rescued_PRJNA298330_3812RT_realign_vs_PRJNA298330_3812DN/PRJNA298330_3812DT_vs_PRJNA298330_3812DN_rescued_PRJNA298330_3812RT_realign_vs_PRJNA298330_3812DN.filtered.vcf.stripped.vcf.gz	/t9k/mnt/WorkSpace/data/ngs/liuxin/seq2neo/output_1/PRJNA298330_3812/preprocessing/mapped/PRJNA298330_3812DN/PRJNA298330_3812DN.sorted.bam	/t9k/mnt/WorkSpace/data/ngs/liuxin/seq2neo/output_1/PRJNA298330_3812/preprocessing/mapped/PRJNA298330_3812DT/PRJNA298330_3812DT.sorted.bam	/t9k/mnt/WorkSpace/data/ngs/liuxin/seq2neo/output_1/PRJNA298330_3812/preprocessing/mapped/PRJNA298330_3812RT/PRJNA298330_3812RT.bam	3
PRJNA298330_3942	PASS	/t9k/mnt/hdd/work/Vax/pipeline/rnadnavar/examples/seq2neo/output_reconsensus/PRJNA298330_3942/rescue/PRJNA298330_3942DT_vs_PRJNA298330_3942DN_rescued_PRJNA298330_3942RT_realign_vs_PRJNA298330_3942DN/PRJNA298330_3942DT_vs_PRJNA298330_3942DN_rescued_PRJNA298330_3942RT_realign_vs_PRJNA298330_3942DN.filtered.vcf.stripped.vcf.gz	/t9k/mnt/WorkSpace/data/ngs/liuxin/seq2neo/output_1/PRJNA298330_3942/preprocessing/mapped/PRJNA298330_3942DN/PRJNA298330_3942DN.sorted.bam	/t9k/mnt/WorkSpace/data/ngs/liuxin/seq2neo/output_1/PRJNA298330_3942/preprocessing/mapped/PRJNA298330_3942DT/PRJNA298330_3942DT.sorted.bam	/t9k/mnt/WorkSpace/data/ngs/liuxin/seq2neo/output_1/PRJNA298330_3942/preprocessing/mapped/PRJNA298330_3942RT/PRJNA298330_3942RT.bam	4
PRJNA298330_3948	WARN	/t9k/mnt/hdd/work/Vax/pipeline/rnadnavar/examples/seq2neo/runs/label_qc/cohort66_apply/cleaned_vcf/PRJNA298330_3948.bgz.vcf.gz	/t9k/mnt/WorkSpace/data/ngs/liuxin/seq2neo/output_1/PRJNA298330_3948/preprocessing/mapped/PRJNA298330_3948DN/PRJNA298330_3948DN.sorted.bam	/t9k/mnt/WorkSpace/data/ngs/liuxin/seq2neo/output_1/PRJNA298330_3948/preprocessing/mapped/PRJNA298330_3948DT/PRJNA298330_3948DT.sorted.bam	/t9k/mnt/WorkSpace/data/ngs/liuxin/seq2neo/output_1/PRJNA298330_3948/preprocessing/mapped/PRJNA298330_3948RT/PRJNA298330_3948RT.bam	3
PRJNA298330_3978	PASS	/t9k/mnt/hdd/work/Vax/pipeline/rnadnavar/examples/seq2neo/output_reconsensus/PRJNA298330_3978/rescue/PRJNA298330_3978DT_vs_PRJNA298330_3978DN_rescued_PRJNA298330_3978RT_realign_vs_PRJNA298330_3978DN/PRJNA298330_3978DT_vs_PRJNA298330_3978DN_rescued_PRJNA298330_3978RT_realign_vs_PRJNA298330_3978DN.filtered.vcf.stripped.vcf.gz	/t9k/mnt/WorkSpace/data/ngs/liuxin/seq2neo/output_1/PRJNA298330_3978/preprocessing/mapped/PRJNA298330_3978DN/PRJNA298330_3978DN.sorted.bam	/t9k/mnt/WorkSpace/data/ngs/liuxin/seq2neo/output_1/PRJNA298330_3978/preprocessing/mapped/PRJNA298330_3978DT/PRJNA298330_3978DT.sorted.bam	/t9k/mnt/WorkSpace/data/ngs/liuxin/seq2neo/output_1/PRJNA298330_3978/preprocessing/mapped/PRJNA298330_3978RT/PRJNA298330_3978RT.bam	3
PRJNA298330_3995	PASS	/t9k/mnt/hdd/work/Vax/pipeline/rnadnavar/examples/seq2neo/output_reconsensus/PRJNA298330_3995/rescue/PRJNA298330_3995DT_vs_PRJNA298330_3995DN_rescued_PRJNA298330_3995RT_realign_vs_PRJNA298330_3995DN/PRJNA298330_3995DT_vs_PRJNA298330_3995DN_rescued_PRJNA298330_3995RT_realign_vs_PRJNA298330_3995DN.filtered.vcf.stripped.vcf.gz	/t9k/mnt/WorkSpace/data/ngs/xuzhenyu/work/seq2neo/output/PRJNA298330_3995/preprocessing/mapped/PRJNA298330_3995DN/PRJNA298330_3995DN.sorted.bam	/t9k/mnt/WorkSpace/data/ngs/xuzhenyu/work/seq2neo/output/PRJNA298330_3995/preprocessing/mapped/PRJNA298330_3995DT/PRJNA298330_3995DT.sorted.bam	/t9k/mnt/WorkSpace/data/ngs/xuzhenyu/work/seq2neo/output/PRJNA298330_3995/preprocessing/mapped/PRJNA298330_3995RT/PRJNA298330_3995RT.bam	2
PRJNA298330_4007	PASS	/t9k/mnt/hdd/work/Vax/pipeline/rnadnavar/examples/seq2neo/output_reconsensus/PRJNA298330_4007/rescue/PRJNA298330_4007DT_vs_PRJNA298330_4007DN_rescued_PRJNA298330_4007RT_realign_vs_PRJNA298330_4007DN/PRJNA298330_4007DT_vs_PRJNA298330_4007DN_rescued_PRJNA298330_4007RT_realign_vs_PRJNA298330_4007DN.filtered.vcf.stripped.vcf.gz	/t9k/mnt/WorkSpace/data/ngs/xuzhenyu/work/seq2neo/output/PRJNA298330_4007/preprocessing/mapped/PRJNA298330_4007DN/PRJNA298330_4007DN.sorted.bam	/t9k/mnt/WorkSpace/data/ngs/xuzhenyu/work/seq2neo/output/PRJNA298330_4007/preprocessing/mapped/PRJNA298330_4007DT/PRJNA298330_4007DT.sorted.bam	/t9k/mnt/WorkSpace/data/ngs/xuzhenyu/work/seq2neo/output/PRJNA298330_4007/preprocessing/mapped/PRJNA298330_4007RT/PRJNA298330_4007RT.bam	2
PRJNA298330_4096	PASS	/t9k/mnt/hdd/work/Vax/pipeline/rnadnavar/examples/seq2neo/output_reconsensus/PRJNA298330_4096/rescue/PRJNA298330_4096DT_vs_PRJNA298330_4096DN_rescued_PRJNA298330_4096RT_realign_vs_PRJNA298330_4096DN/PRJNA298330_4096DT_vs_PRJNA298330_4096DN_rescued_PRJNA298330_4096RT_realign_vs_PRJNA298330_4096DN.filtered.vcf.stripped.vcf.gz	/t9k/mnt/WorkSpace/data/ngs/liuxin/seq2neo/output_1/PRJNA298330_4096/preprocessing/mapped/PRJNA298330_4096DN/PRJNA298330_4096DN.sorted.bam	/t9k/mnt/WorkSpace/data/ngs/liuxin/seq2neo/output_1/PRJNA298330_4096/preprocessing/mapped/PRJNA298330_4096DT/PRJNA298330_4096DT.sorted.bam	/t9k/mnt/WorkSpace/data/ngs/liuxin/seq2neo/output_1/PRJNA298330_4096/preprocessing/mapped/PRJNA298330_4096RT/PRJNA298330_4096RT.bam	4
PRJNA298376_3812	WARN	/t9k/mnt/hdd/work/Vax/pipeline/rnadnavar/examples/seq2neo/runs/label_qc/cohort66_apply/cleaned_vcf/PRJNA298376_3812.bgz.vcf.gz	/t9k/mnt/WorkSpace/data/ngs/liuxin/seq2neo/output_1/PRJNA298376_3812/preprocessing/mapped/PRJNA298376_3812DN/PRJNA298376_3812DN.sorted.bam	/t9k/mnt/WorkSpace/data/ngs/liuxin/seq2neo/output_1/PRJNA298376_3812/preprocessing/mapped/PRJNA298376_3812DT/PRJNA298376_3812DT.sorted.bam	/t9k/mnt/WorkSpace/data/ngs/liuxin/seq2neo/output_1/PRJNA298376_3812/preprocessing/mapped/PRJNA298376_3812RT/PRJNA298376_3812RT.bam	3
PRJNA298376_3942	PASS	/t9k/mnt/hdd/work/Vax/pipeline/rnadnavar/examples/seq2neo/output_reconsensus/PRJNA298376_3942/rescue/PRJNA298376_3942DT_vs_PRJNA298376_3942DN_rescued_PRJNA298376_3942RT_realign_vs_PRJNA298376_3942DN/PRJNA298376_3942DT_vs_PRJNA298376_3942DN_rescued_PRJNA298376_3942RT_realign_vs_PRJNA298376_3942DN.filtered.vcf.stripped.vcf.gz	/t9k/mnt/WorkSpace/data/ngs/xuzhenyu/work/seq2neo/output/PRJNA298376_3942/preprocessing/mapped/PRJNA298376_3942DN/PRJNA298376_3942DN.sorted.bam	/t9k/mnt/WorkSpace/data/ngs/xuzhenyu/work/seq2neo/output/PRJNA298376_3942/preprocessing/mapped/PRJNA298376_3942DT/PRJNA298376_3942DT.sorted.bam	/t9k/mnt/WorkSpace/data/ngs/xuzhenyu/work/seq2neo/output/PRJNA298376_3942/preprocessing/mapped/PRJNA298376_3942RT/PRJNA298376_3942RT.bam	2
PRJNA298376_3948	WARN	/t9k/mnt/hdd/work/Vax/pipeline/rnadnavar/examples/seq2neo/runs/label_qc/cohort66_apply/cleaned_vcf/PRJNA298376_3948.bgz.vcf.gz	/t9k/mnt/WorkSpace/data/ngs/liuxin/seq2neo/output_1/PRJNA298376_3948/preprocessing/mapped/PRJNA298376_3948DN/PRJNA298376_3948DN.sorted.bam	/t9k/mnt/WorkSpace/data/ngs/liuxin/seq2neo/output_1/PRJNA298376_3948/preprocessing/mapped/PRJNA298376_3948DT/PRJNA298376_3948DT.sorted.bam	/t9k/mnt/WorkSpace/data/ngs/liuxin/seq2neo/output_1/PRJNA298376_3948/preprocessing/mapped/PRJNA298376_3948RT/PRJNA298376_3948RT.bam	3
PRJNA298376_3971	PASS	/t9k/mnt/hdd/work/Vax/pipeline/rnadnavar/examples/seq2neo/output_reconsensus/PRJNA298376_3971/rescue/PRJNA298376_3971DT_vs_PRJNA298376_3971DN_rescued_PRJNA298376_3971RT_realign_vs_PRJNA298376_3971DN/PRJNA298376_3971DT_vs_PRJNA298376_3971DN_rescued_PRJNA298376_3971RT_realign_vs_PRJNA298376_3971DN.filtered.vcf.stripped.vcf.gz	/t9k/mnt/WorkSpace/data/ngs/xuzhenyu/work/seq2neo/output/PRJNA298376_3971/preprocessing/mapped/PRJNA298376_3971DN/PRJNA298376_3971DN.sorted.bam	/t9k/mnt/WorkSpace/data/ngs/xuzhenyu/work/seq2neo/output/PRJNA298376_3971/preprocessing/mapped/PRJNA298376_3971DT/PRJNA298376_3971DT.sorted.bam	/t9k/mnt/WorkSpace/data/ngs/xuzhenyu/work/seq2neo/output/PRJNA298376_3971/preprocessing/mapped/PRJNA298376_3971RT/PRJNA298376_3971RT.bam	2
PRJNA298376_3978	WARN	/t9k/mnt/hdd/work/Vax/pipeline/rnadnavar/examples/seq2neo/runs/label_qc/cohort66_apply/cleaned_vcf/PRJNA298376_3978.bgz.vcf.gz	/t9k/mnt/WorkSpace/data/ngs/liuxin/seq2neo/output_1/PRJNA298376_3978/preprocessing/mapped/PRJNA298376_3978DN/PRJNA298376_3978DN.sorted.bam	/t9k/mnt/WorkSpace/data/ngs/liuxin/seq2neo/output_1/PRJNA298376_3978/preprocessing/mapped/PRJNA298376_3978DT/PRJNA298376_3978DT.sorted.bam	/t9k/mnt/WorkSpace/data/ngs/liuxin/seq2neo/output_1/PRJNA298376_3978/preprocessing/mapped/PRJNA298376_3978RT/PRJNA298376_3978RT.bam	3
PRJNA298376_3995	WARN	/t9k/mnt/hdd/work/Vax/pipeline/rnadnavar/examples/seq2neo/runs/label_qc/cohort66_apply/cleaned_vcf/PRJNA298376_3995.bgz.vcf.gz	/t9k/mnt/WorkSpace/data/ngs/xuzhenyu/work/seq2neo/output/PRJNA298376_3995/preprocessing/mapped/PRJNA298376_3995DN/PRJNA298376_3995DN.sorted.bam	/t9k/mnt/WorkSpace/data/ngs/xuzhenyu/work/seq2neo/output/PRJNA298376_3995/preprocessing/mapped/PRJNA298376_3995DT/PRJNA298376_3995DT.sorted.bam	/t9k/mnt/WorkSpace/data/ngs/xuzhenyu/work/seq2neo/output/PRJNA298376_3995/preprocessing/mapped/PRJNA298376_3995RT/PRJNA298376_3995RT.bam	2
PRJNA298376_4007	PASS	/t9k/mnt/hdd/work/Vax/pipeline/rnadnavar/examples/seq2neo/output_reconsensus/PRJNA298376_4007/rescue/PRJNA298376_4007DT_vs_PRJNA298376_4007DN_rescued_PRJNA298376_4007RT_realign_vs_PRJNA298376_4007DN/PRJNA298376_4007DT_vs_PRJNA298376_4007DN_rescued_PRJNA298376_4007RT_realign_vs_PRJNA298376_4007DN.filtered.vcf.stripped.vcf.gz	/t9k/mnt/WorkSpace/data/ngs/xuzhenyu/work/seq2neo/output/PRJNA298376_4007/preprocessing/mapped/PRJNA298376_4007DN/PRJNA298376_4007DN.sorted.bam	/t9k/mnt/WorkSpace/data/ngs/xuzhenyu/work/seq2neo/output/PRJNA298376_4007/preprocessing/mapped/PRJNA298376_4007DT/PRJNA298376_4007DT.sorted.bam	/t9k/mnt/WorkSpace/data/ngs/xuzhenyu/work/seq2neo/output/PRJNA298376_4007/preprocessing/mapped/PRJNA298376_4007RT/PRJNA298376_4007RT.bam	2
PRJNA298376_4060	PASS	/t9k/mnt/hdd/work/Vax/pipeline/rnadnavar/examples/seq2neo/output_reconsensus/PRJNA298376_4060/rescue/4060DT_vs_4060DN_rescued_4060RT_realign_vs_4060DN/4060DT_vs_4060DN_rescued_4060RT_realign_vs_4060DN.filtered.vcf.stripped.vcf.gz	/t9k/mnt/WorkSpace/data/ngs/zhanlingmin/Rnadnavar/output/4060_rnadnavar/preprocessing/mapped/4060DN/4060DN.sorted.bam	/t9k/mnt/WorkSpace/data/ngs/zhanlingmin/Rnadnavar/output/4060_rnadnavar/preprocessing/mapped/4060DT/4060DT.sorted.bam	/t9k/mnt/WorkSpace/data/ngs/zhanlingmin/Rnadnavar/output/4060_rnadnavar/preprocessing/mapped/4060RT/4060RT.bam	1
PRJNA298376_4069	PASS	/t9k/mnt/hdd/work/Vax/pipeline/rnadnavar/examples/seq2neo/output_reconsensus/PRJNA298376_4069/rescue/PRJNA298376_4069DT_vs_PRJNA298376_4069DN_rescued_PRJNA298376_4069RT_realign_vs_PRJNA298376_4069DN/PRJNA298376_4069DT_vs_PRJNA298376_4069DN_rescued_PRJNA298376_4069RT_realign_vs_PRJNA298376_4069DN.filtered.vcf.stripped.vcf.gz	/t9k/mnt/WorkSpace/data/ngs/liuxin/seq2neo/output_1/PRJNA298376_4069/preprocessing/mapped/PRJNA298376_4069DN/PRJNA298376_4069DN.sorted.bam	/t9k/mnt/WorkSpace/data/ngs/liuxin/seq2neo/output_1/PRJNA298376_4069/preprocessing/mapped/PRJNA298376_4069DT/PRJNA298376_4069DT.sorted.bam	/t9k/mnt/WorkSpace/data/ngs/liuxin/seq2neo/output_1/PRJNA298376_4069/preprocessing/mapped/PRJNA298376_4069RT/PRJNA298376_4069RT.bam	4
PRJNA298376_4071	PASS	/t9k/mnt/hdd/work/Vax/pipeline/rnadnavar/examples/seq2neo/output_reconsensus/PRJNA298376_4071/rescue/PRJNA298376_4071DT_vs_PRJNA298376_4071DN_rescued_PRJNA298376_4071RT_realign_vs_PRJNA298376_4071DN/PRJNA298376_4071DT_vs_PRJNA298376_4071DN_rescued_PRJNA298376_4071RT_realign_vs_PRJNA298376_4071DN.filtered.vcf.stripped.vcf.gz	/t9k/mnt/WorkSpace/data/ngs/xuzhenyu/work/seq2neo/output/PRJNA298376_4071/preprocessing/mapped/PRJNA298376_4071DN/PRJNA298376_4071DN.sorted.bam	/t9k/mnt/WorkSpace/data/ngs/xuzhenyu/work/seq2neo/output/PRJNA298376_4071/preprocessing/mapped/PRJNA298376_4071DT/PRJNA298376_4071DT.sorted.bam	/t9k/mnt/WorkSpace/data/ngs/xuzhenyu/work/seq2neo/output/PRJNA298376_4071/preprocessing/mapped/PRJNA298376_4071RT/PRJNA298376_4071RT.bam	2
PRJNA298376_4072	PASS	/t9k/mnt/hdd/work/Vax/pipeline/rnadnavar/examples/seq2neo/output_reconsensus/PRJNA298376_4072/rescue/4072DT_vs_4072DN_rescued_4072RT_realign_vs_4072DN/4072DT_vs_4072DN_rescued_4072RT_realign_vs_4072DN.filtered.vcf.stripped.vcf.gz	/t9k/mnt/WorkSpace/data/ngs/zhanlingmin/Rnadnavar/output/4072_rnadnavar/preprocessing/mapped/4072DN/4072DN.sorted.bam	/t9k/mnt/WorkSpace/data/ngs/zhanlingmin/Rnadnavar/output/4072_rnadnavar/preprocessing/mapped/4072DT/4072DT.sorted.bam	/t9k/mnt/WorkSpace/data/ngs/zhanlingmin/Rnadnavar/output/4072_rnadnavar/preprocessing/mapped/4072RT/4072RT.bam	1
PRJNA298376_4077	PASS	/t9k/mnt/hdd/work/Vax/pipeline/rnadnavar/examples/seq2neo/output_reconsensus/PRJNA298376_4077/rescue/PRJNA298376_4077DT_vs_PRJNA298376_4077DN_rescued_PRJNA298376_4077RT_realign_vs_PRJNA298376_4077DN/PRJNA298376_4077DT_vs_PRJNA298376_4077DN_rescued_PRJNA298376_4077RT_realign_vs_PRJNA298376_4077DN.filtered.vcf.stripped.vcf.gz	/t9k/mnt/WorkSpace/data/ngs/liuxin/seq2neo/output_1/PRJNA298376_4077/preprocessing/mapped/PRJNA298376_4077DN/PRJNA298376_4077DN.sorted.bam	/t9k/mnt/WorkSpace/data/ngs/liuxin/seq2neo/output_1/PRJNA298376_4077/preprocessing/mapped/PRJNA298376_4077DT/PRJNA298376_4077DT.sorted.bam	/t9k/mnt/WorkSpace/data/ngs/liuxin/seq2neo/output_1/PRJNA298376_4077/preprocessing/mapped/PRJNA298376_4077RT/PRJNA298376_4077RT.bam	3
PRJNA298376_4081	PASS	/t9k/mnt/hdd/work/Vax/pipeline/rnadnavar/examples/seq2neo/output_reconsensus/PRJNA298376_4081/rescue/4081DT_vs_4081DN_rescued_4081RT_realign_vs_4081DN/4081DT_vs_4081DN_rescued_4081RT_realign_vs_4081DN.filtered.vcf.stripped.vcf.gz	/t9k/mnt/WorkSpace/data/ngs/zhanlingmin/Rnadnavar/output/4081_rnadnavar/preprocessing/mapped/4081DN/4081DN.sorted.bam	/t9k/mnt/WorkSpace/data/ngs/zhanlingmin/Rnadnavar/output/4081_rnadnavar/preprocessing/mapped/4081DT/4081DT.sorted.bam	/t9k/mnt/WorkSpace/data/ngs/zhanlingmin/Rnadnavar/output/4081_rnadnavar/preprocessing/mapped/4081RT/4081RT.bam	1
PRJNA298376_4090	PASS	/t9k/mnt/hdd/work/Vax/pipeline/rnadnavar/examples/seq2neo/output_reconsensus/PRJNA298376_4090/rescue/PRJNA298376_4090DT_vs_PRJNA298376_4090DN_rescued_PRJNA298376_4090RT_realign_vs_PRJNA298376_4090DN/PRJNA298376_4090DT_vs_PRJNA298376_4090DN_rescued_PRJNA298376_4090RT_realign_vs_PRJNA298376_4090DN.filtered.vcf.stripped.vcf.gz	/t9k/mnt/WorkSpace/data/ngs/xuzhenyu/work/seq2neo/output/PRJNA298376_4090/preprocessing/mapped/PRJNA298376_4090DN/PRJNA298376_4090DN.sorted.bam	/t9k/mnt/WorkSpace/data/ngs/xuzhenyu/work/seq2neo/output/PRJNA298376_4090/preprocessing/mapped/PRJNA298376_4090DT/PRJNA298376_4090DT.sorted.bam	/t9k/mnt/WorkSpace/data/ngs/xuzhenyu/work/seq2neo/output/PRJNA298376_4090/preprocessing/mapped/PRJNA298376_4090RT/PRJNA298376_4090RT.bam	2
PRJNA298376_4095	PASS	/t9k/mnt/hdd/work/Vax/pipeline/rnadnavar/examples/seq2neo/output_reconsensus/PRJNA298376_4095/rescue/4095DT_vs_4095DN_rescued_4095RT_realign_vs_4095DN/4095DT_vs_4095DN_rescued_4095RT_realign_vs_4095DN.filtered.vcf.stripped.vcf.gz	/t9k/mnt/WorkSpace/data/ngs/zhanlingmin/Rnadnavar/output/4095_rnadnavar/preprocessing/mapped/4095DN/4095DN.sorted.bam	/t9k/mnt/WorkSpace/data/ngs/zhanlingmin/Rnadnavar/output/4095_rnadnavar/preprocessing/mapped/4095DT/4095DT.sorted.bam	/t9k/mnt/WorkSpace/data/ngs/zhanlingmin/Rnadnavar/output/4095_rnadnavar/preprocessing/mapped/4095RT/4095RT.bam	1
PRJNA298376_4110	PASS	/t9k/mnt/hdd/work/Vax/pipeline/rnadnavar/examples/seq2neo/output_reconsensus/PRJNA298376_4110/rescue/PRJNA298376_4110DT_vs_PRJNA298376_4110DN_rescued_PRJNA298376_4110RT_realign_vs_PRJNA298376_4110DN/PRJNA298376_4110DT_vs_PRJNA298376_4110DN_rescued_PRJNA298376_4110RT_realign_vs_PRJNA298376_4110DN.filtered.vcf.stripped.vcf.gz	/t9k/mnt/WorkSpace/data/ngs/liuxin/seq2neo/output_1/PRJNA298376_4110/preprocessing/mapped/PRJNA298376_4110DN/PRJNA298376_4110DN.sorted.bam	/t9k/mnt/WorkSpace/data/ngs/liuxin/seq2neo/output_1/PRJNA298376_4110/preprocessing/mapped/PRJNA298376_4110DT/PRJNA298376_4110DT.sorted.bam	/t9k/mnt/WorkSpace/data/ngs/liuxin/seq2neo/output_1/PRJNA298376_4110/preprocessing/mapped/PRJNA298376_4110RT/PRJNA298376_4110RT.bam	3
PRJNA298376_4112	WARN	/t9k/mnt/hdd/work/Vax/pipeline/rnadnavar/examples/seq2neo/runs/label_qc/cohort66_apply/cleaned_vcf/PRJNA298376_4112.bgz.vcf.gz	/t9k/mnt/WorkSpace/data/ngs/liuxin/seq2neo/output_1/PRJNA298376_4112/preprocessing/mapped/PRJNA298376_4112DN/PRJNA298376_4112DN.sorted.bam	/t9k/mnt/WorkSpace/data/ngs/liuxin/seq2neo/output_1/PRJNA298376_4112/preprocessing/mapped/PRJNA298376_4112DT/PRJNA298376_4112DT.sorted.bam	/t9k/mnt/WorkSpace/data/ngs/liuxin/seq2neo/output_1/PRJNA298376_4112/preprocessing/mapped/PRJNA298376_4112RT/PRJNA298376_4112RT.bam	3
PRJNA298376_4115	PASS	/t9k/mnt/hdd/work/Vax/pipeline/rnadnavar/examples/seq2neo/output_reconsensus/PRJNA298376_4115/rescue/PRJNA298376_4115DT_vs_PRJNA298376_4115DN_rescued_PRJNA298376_4115RT_realign_vs_PRJNA298376_4115DN/PRJNA298376_4115DT_vs_PRJNA298376_4115DN_rescued_PRJNA298376_4115RT_realign_vs_PRJNA298376_4115DN.filtered.vcf.stripped.vcf.gz	/t9k/mnt/WorkSpace/data/ngs/xuzhenyu/work/seq2neo/output/PRJNA298376_4115/preprocessing/mapped/PRJNA298376_4115DN/PRJNA298376_4115DN.sorted.bam	/t9k/mnt/WorkSpace/data/ngs/xuzhenyu/work/seq2neo/output/PRJNA298376_4115/preprocessing/mapped/PRJNA298376_4115DT/PRJNA298376_4115DT.sorted.bam	/t9k/mnt/WorkSpace/data/ngs/xuzhenyu/work/seq2neo/output/PRJNA298376_4115/preprocessing/mapped/PRJNA298376_4115RT/PRJNA298376_4115RT.bam	2
PRJNA298376_4145	PASS	/t9k/mnt/hdd/work/Vax/pipeline/rnadnavar/examples/seq2neo/output_reconsensus/PRJNA298376_4145/rescue/PRJNA298376_4145DT_vs_PRJNA298376_4145DN_rescued_PRJNA298376_4145RT_realign_vs_PRJNA298376_4145DN/PRJNA298376_4145DT_vs_PRJNA298376_4145DN_rescued_PRJNA298376_4145RT_realign_vs_PRJNA298376_4145DN.filtered.vcf.stripped.vcf.gz	/t9k/mnt/WorkSpace/data/ngs/liuxin/seq2neo/output_1/PRJNA298376_4145/preprocessing/mapped/PRJNA298376_4145DN/PRJNA298376_4145DN.sorted.bam	/t9k/mnt/WorkSpace/data/ngs/liuxin/seq2neo/output_1/PRJNA298376_4145/preprocessing/mapped/PRJNA298376_4145DT/PRJNA298376_4145DT.sorted.bam	/t9k/mnt/WorkSpace/data/ngs/liuxin/seq2neo/output_1/PRJNA298376_4145/preprocessing/mapped/PRJNA298376_4145RT/PRJNA298376_4145RT.bam	4
PRJNA298376_4151	PASS	/t9k/mnt/hdd/work/Vax/pipeline/rnadnavar/examples/seq2neo/output_reconsensus/PRJNA298376_4151/rescue/PRJNA298376_4151DT_vs_PRJNA298376_4151DN_rescued_PRJNA298376_4151RT_realign_vs_PRJNA298376_4151DN/PRJNA298376_4151DT_vs_PRJNA298376_4151DN_rescued_PRJNA298376_4151RT_realign_vs_PRJNA298376_4151DN.filtered.vcf.stripped.vcf.gz	/t9k/mnt/WorkSpace/data/ngs/xuzhenyu/work/seq2neo/output/PRJNA298376_4151/preprocessing/mapped/PRJNA298376_4151DN/PRJNA298376_4151DN.sorted.bam	/t9k/mnt/WorkSpace/data/ngs/xuzhenyu/work/seq2neo/output/PRJNA298376_4151/preprocessing/mapped/PRJNA298376_4151DT/PRJNA298376_4151DT.sorted.bam	/t9k/mnt/WorkSpace/data/ngs/xuzhenyu/work/seq2neo/output/PRJNA298376_4151/preprocessing/mapped/PRJNA298376_4151RT/PRJNA298376_4151RT.bam	2
PRJNA298376_4160	PASS	/t9k/mnt/hdd/work/Vax/pipeline/rnadnavar/examples/seq2neo/output_reconsensus/PRJNA298376_4160/rescue/PRJNA298376_4160DT_vs_PRJNA298376_4160DN_rescued_PRJNA298376_4160RT_realign_vs_PRJNA298376_4160DN/PRJNA298376_4160DT_vs_PRJNA298376_4160DN_rescued_PRJNA298376_4160RT_realign_vs_PRJNA298376_4160DN.filtered.vcf.stripped.vcf.gz	/t9k/mnt/WorkSpace/data/ngs/xuzhenyu/work/seq2neo/output/PRJNA298376_4160/preprocessing/mapped/PRJNA298376_4160DN/PRJNA298376_4160DN.sorted.bam	/t9k/mnt/WorkSpace/data/ngs/xuzhenyu/work/seq2neo/output/PRJNA298376_4160/preprocessing/mapped/PRJNA298376_4160DT/PRJNA298376_4160DT.sorted.bam	/t9k/mnt/WorkSpace/data/ngs/xuzhenyu/work/seq2neo/output/PRJNA298376_4160/preprocessing/mapped/PRJNA298376_4160RT/PRJNA298376_4160RT.bam	2
PRJNA298376_4166	PASS	/t9k/mnt/hdd/work/Vax/pipeline/rnadnavar/examples/seq2neo/output_reconsensus/PRJNA298376_4166/rescue/PRJNA298376_4166DT_vs_PRJNA298376_4166DN_rescued_PRJNA298376_4166RT_realign_vs_PRJNA298376_4166DN/PRJNA298376_4166DT_vs_PRJNA298376_4166DN_rescued_PRJNA298376_4166RT_realign_vs_PRJNA298376_4166DN.filtered.vcf.stripped.vcf.gz	/t9k/mnt/WorkSpace/data/ngs/liuxin/seq2neo/output_1/PRJNA298376_4166/preprocessing/mapped/PRJNA298376_4166DN/PRJNA298376_4166DN.sorted.bam	/t9k/mnt/WorkSpace/data/ngs/liuxin/seq2neo/output_1/PRJNA298376_4166/preprocessing/mapped/PRJNA298376_4166DT/PRJNA298376_4166DT.sorted.bam	/t9k/mnt/WorkSpace/data/ngs/liuxin/seq2neo/output_1/PRJNA298376_4166/preprocessing/mapped/PRJNA298376_4166RT/PRJNA298376_4166RT.bam	4
PRJNA298376_4196	PASS	/t9k/mnt/hdd/work/Vax/pipeline/rnadnavar/examples/seq2neo/output_reconsensus/PRJNA298376_4196/rescue/PRJNA298376_4196DT_vs_PRJNA298376_4196DN_rescued_PRJNA298376_4196RT_realign_vs_PRJNA298376_4196DN/PRJNA298376_4196DT_vs_PRJNA298376_4196DN_rescued_PRJNA298376_4196RT_realign_vs_PRJNA298376_4196DN.filtered.vcf.stripped.vcf.gz	/t9k/mnt/WorkSpace/data/ngs/xuzhenyu/work/seq2neo/output/PRJNA298376_4196/preprocessing/mapped/PRJNA298376_4196DN/PRJNA298376_4196DN.sorted.bam	/t9k/mnt/WorkSpace/data/ngs/xuzhenyu/work/seq2neo/output/PRJNA298376_4196/preprocessing/mapped/PRJNA298376_4196DT/PRJNA298376_4196DT.sorted.bam	/t9k/mnt/WorkSpace/data/ngs/xuzhenyu/work/seq2neo/output/PRJNA298376_4196/preprocessing/mapped/PRJNA298376_4196RT/PRJNA298376_4196RT.bam	2
PRJNA298376_4200	PASS	/t9k/mnt/hdd/work/Vax/pipeline/rnadnavar/examples/seq2neo/output_reconsensus/PRJNA298376_4200/rescue/PRJNA298376_4200DT_vs_PRJNA298376_4200DN_rescued_PRJNA298376_4200RT_realign_vs_PRJNA298376_4200DN/PRJNA298376_4200DT_vs_PRJNA298376_4200DN_rescued_PRJNA298376_4200RT_realign_vs_PRJNA298376_4200DN.filtered.vcf.stripped.vcf.gz	/t9k/mnt/WorkSpace/data/ngs/liuxin/seq2neo/output_1/PRJNA298376_4200/preprocessing/mapped/PRJNA298376_4200DN/PRJNA298376_4200DN.sorted.bam	/t9k/mnt/WorkSpace/data/ngs/liuxin/seq2neo/output_1/PRJNA298376_4200/preprocessing/mapped/PRJNA298376_4200DT/PRJNA298376_4200DT.sorted.bam	/t9k/mnt/WorkSpace/data/ngs/liuxin/seq2neo/output_1/PRJNA298376_4200/preprocessing/mapped/PRJNA298376_4200RT/PRJNA298376_4200RT.bam	3
PRJNA298376_4203	PASS	/t9k/mnt/hdd/work/Vax/pipeline/rnadnavar/examples/seq2neo/output_reconsensus/PRJNA298376_4203/rescue/PRJNA298376_4203DT_vs_PRJNA298376_4203DN_rescued_PRJNA298376_4203RT_realign_vs_PRJNA298376_4203DN/PRJNA298376_4203DT_vs_PRJNA298376_4203DN_rescued_PRJNA298376_4203RT_realign_vs_PRJNA298376_4203DN.filtered.vcf.stripped.vcf.gz	/t9k/mnt/WorkSpace/data/ngs/liuxin/seq2neo/output_1/PRJNA298376_4203/preprocessing/mapped/PRJNA298376_4203DN/PRJNA298376_4203DN.sorted.bam	/t9k/mnt/WorkSpace/data/ngs/liuxin/seq2neo/output_1/PRJNA298376_4203/preprocessing/mapped/PRJNA298376_4203DT/PRJNA298376_4203DT.sorted.bam	/t9k/mnt/WorkSpace/data/ngs/liuxin/seq2neo/output_1/PRJNA298376_4203/preprocessing/mapped/PRJNA298376_4203RT/PRJNA298376_4203RT.bam	3
PRJNA298376_4207	PASS	/t9k/mnt/hdd/work/Vax/pipeline/rnadnavar/examples/seq2neo/output_reconsensus/PRJNA298376_4207/rescue/4207DT_vs_4207DN_rescued_4207RT_realign_vs_4207DN/4207DT_vs_4207DN_rescued_4207RT_realign_vs_4207DN.filtered.vcf.stripped.vcf.gz	/t9k/mnt/WorkSpace/data/ngs/zhanlingmin/Rnadnavar/output/4207_rnadnavar/preprocessing/mapped/4207DN/4207DN.sorted.bam	/t9k/mnt/WorkSpace/data/ngs/zhanlingmin/Rnadnavar/output/4207_rnadnavar/preprocessing/mapped/4207DT/4207DT.sorted.bam	/t9k/mnt/WorkSpace/data/ngs/zhanlingmin/Rnadnavar/output/4207_rnadnavar/preprocessing/mapped/4207RT/4207RT.bam	1
PRJNA298376_4214	PASS	/t9k/mnt/hdd/work/Vax/pipeline/rnadnavar/examples/seq2neo/output_reconsensus/PRJNA298376_4214/rescue/PRJNA298376_4214DT_vs_PRJNA298376_4214DN_rescued_PRJNA298376_4214RT_realign_vs_PRJNA298376_4214DN/PRJNA298376_4214DT_vs_PRJNA298376_4214DN_rescued_PRJNA298376_4214RT_realign_vs_PRJNA298376_4214DN.filtered.vcf.stripped.vcf.gz	/t9k/mnt/WorkSpace/data/ngs/liuxin/seq2neo/output_1/PRJNA298376_4214/preprocessing/mapped/PRJNA298376_4214DN/PRJNA298376_4214DN.sorted.bam	/t9k/mnt/WorkSpace/data/ngs/liuxin/seq2neo/output_1/PRJNA298376_4214/preprocessing/mapped/PRJNA298376_4214DT/PRJNA298376_4214DT.sorted.bam	/t9k/mnt/WorkSpace/data/ngs/liuxin/seq2neo/output_1/PRJNA298376_4214/preprocessing/mapped/PRJNA298376_4214RT/PRJNA298376_4214RT.bam	4
PRJNA298376_4220	PASS	/t9k/mnt/hdd/work/Vax/pipeline/rnadnavar/examples/seq2neo/output_reconsensus/PRJNA298376_4220/rescue/PRJNA298376_4220DT_vs_PRJNA298376_4220DN_rescued_PRJNA298376_4220RT_realign_vs_PRJNA298376_4220DN/PRJNA298376_4220DT_vs_PRJNA298376_4220DN_rescued_PRJNA298376_4220RT_realign_vs_PRJNA298376_4220DN.filtered.vcf.stripped.vcf.gz	/t9k/mnt/WorkSpace/data/ngs/liuxin/seq2neo/output_1/PRJNA298376_4220/preprocessing/mapped/PRJNA298376_4220DN/PRJNA298376_4220DN.sorted.bam	/t9k/mnt/WorkSpace/data/ngs/liuxin/seq2neo/output_1/PRJNA298376_4220/preprocessing/mapped/PRJNA298376_4220DT/PRJNA298376_4220DT.sorted.bam	/t9k/mnt/WorkSpace/data/ngs/liuxin/seq2neo/output_1/PRJNA298376_4220/preprocessing/mapped/PRJNA298376_4220RT/PRJNA298376_4220RT.bam	3
PRJNA298376_4228	PASS	/t9k/mnt/hdd/work/Vax/pipeline/rnadnavar/examples/seq2neo/output_reconsensus/PRJNA298376_4228/rescue/PRJNA298376_4228DT_vs_PRJNA298376_4228DN_rescued_PRJNA298376_4228RT_realign_vs_PRJNA298376_4228DN/PRJNA298376_4228DT_vs_PRJNA298376_4228DN_rescued_PRJNA298376_4228RT_realign_vs_PRJNA298376_4228DN.filtered.vcf.stripped.vcf.gz	/t9k/mnt/WorkSpace/data/ngs/xuzhenyu/work/seq2neo/output/PRJNA298376_4228/preprocessing/mapped/PRJNA298376_4228DN/PRJNA298376_4228DN.sorted.bam	/t9k/mnt/WorkSpace/data/ngs/xuzhenyu/work/seq2neo/output/PRJNA298376_4228/preprocessing/mapped/PRJNA298376_4228DT/PRJNA298376_4228DT.sorted.bam	/t9k/mnt/WorkSpace/data/ngs/xuzhenyu/work/seq2neo/output/PRJNA298376_4228/preprocessing/mapped/PRJNA298376_4228RT/PRJNA298376_4228RT.bam	2
PRJNA298376_4231	PASS	/t9k/mnt/hdd/work/Vax/pipeline/rnadnavar/examples/seq2neo/output_reconsensus/PRJNA298376_4231/rescue/PRJNA298376_4231DT_vs_PRJNA298376_4231DN_rescued_PRJNA298376_4231RT_realign_vs_PRJNA298376_4231DN/PRJNA298376_4231DT_vs_PRJNA298376_4231DN_rescued_PRJNA298376_4231RT_realign_vs_PRJNA298376_4231DN.filtered.vcf.stripped.vcf.gz	/t9k/mnt/WorkSpace/data/ngs/liuxin/seq2neo/output_1/PRJNA298376_4231/preprocessing/mapped/PRJNA298376_4231DN/PRJNA298376_4231DN.sorted.bam	/t9k/mnt/WorkSpace/data/ngs/liuxin/seq2neo/output_1/PRJNA298376_4231/preprocessing/mapped/PRJNA298376_4231DT/PRJNA298376_4231DT.sorted.bam	/t9k/mnt/WorkSpace/data/ngs/liuxin/seq2neo/output_1/PRJNA298376_4231/preprocessing/mapped/PRJNA298376_4231RT/PRJNA298376_4231RT.bam	3
PRJNA298376_4232	WARN	/t9k/mnt/hdd/work/Vax/pipeline/rnadnavar/examples/seq2neo/runs/label_qc/cohort66_apply/cleaned_vcf/PRJNA298376_4232.bgz.vcf.gz	/t9k/mnt/WorkSpace/data/ngs/zhanlingmin/Rnadnavar/output/4232_rnadnavar/preprocessing/mapped/4232DN/4232DN.sorted.bam	/t9k/mnt/WorkSpace/data/ngs/zhanlingmin/Rnadnavar/output/4232_rnadnavar/preprocessing/mapped/4232DT/4232DT.sorted.bam	/t9k/mnt/WorkSpace/data/ngs/zhanlingmin/Rnadnavar/output/4232_rnadnavar/preprocessing/mapped/4232RT/4232RT.bam	1
PRJNA298376_4236	PASS	/t9k/mnt/hdd/work/Vax/pipeline/rnadnavar/examples/seq2neo/output_reconsensus/PRJNA298376_4236/rescue/PRJNA298376_4236DT_vs_PRJNA298376_4236DN_rescued_PRJNA298376_4236RT_realign_vs_PRJNA298376_4236DN/PRJNA298376_4236DT_vs_PRJNA298376_4236DN_rescued_PRJNA298376_4236RT_realign_vs_PRJNA298376_4236DN.filtered.vcf.stripped.vcf.gz	/t9k/mnt/WorkSpace/data/ngs/xuzhenyu/work/seq2neo/output/PRJNA298376_4236/preprocessing/mapped/PRJNA298376_4236DN/PRJNA298376_4236DN.sorted.bam	/t9k/mnt/WorkSpace/data/ngs/xuzhenyu/work/seq2neo/output/PRJNA298376_4236/preprocessing/mapped/PRJNA298376_4236DT/PRJNA298376_4236DT.sorted.bam	/t9k/mnt/WorkSpace/data/ngs/xuzhenyu/work/seq2neo/output/PRJNA298376_4236/preprocessing/mapped/PRJNA298376_4236RT/PRJNA298376_4236RT.bam	2
PRJNA298376_4239	PASS	/t9k/mnt/hdd/work/Vax/pipeline/rnadnavar/examples/seq2neo/output_reconsensus/PRJNA298376_4239/rescue/PRJNA298376_4239DT_vs_PRJNA298376_4239DN_rescued_PRJNA298376_4239RT_realign_vs_PRJNA298376_4239DN/PRJNA298376_4239DT_vs_PRJNA298376_4239DN_rescued_PRJNA298376_4239RT_realign_vs_PRJNA298376_4239DN.filtered.vcf.stripped.vcf.gz	/t9k/mnt/WorkSpace/data/ngs/liuxin/seq2neo/output_1/PRJNA298376_4239/preprocessing/mapped/PRJNA298376_4239DN/PRJNA298376_4239DN.sorted.bam	/t9k/mnt/WorkSpace/data/ngs/liuxin/seq2neo/output_1/PRJNA298376_4239/preprocessing/mapped/PRJNA298376_4239DT/PRJNA298376_4239DT.sorted.bam	/t9k/mnt/WorkSpace/data/ngs/liuxin/seq2neo/output_1/PRJNA298376_4239/preprocessing/mapped/PRJNA298376_4239RT/PRJNA298376_4239RT.bam	4
PRJNA298376_4242	PASS	/t9k/mnt/hdd/work/Vax/pipeline/rnadnavar/examples/seq2neo/output_reconsensus/PRJNA298376_4242/rescue/PRJNA298376_4242DT_vs_PRJNA298376_4242DN_rescued_PRJNA298376_4242RT_realign_vs_PRJNA298376_4242DN/PRJNA298376_4242DT_vs_PRJNA298376_4242DN_rescued_PRJNA298376_4242RT_realign_vs_PRJNA298376_4242DN.filtered.vcf.stripped.vcf.gz	/t9k/mnt/WorkSpace/data/ngs/liuxin/seq2neo/output_1/PRJNA298376_4242/preprocessing/mapped/PRJNA298376_4242DN/PRJNA298376_4242DN.sorted.bam	/t9k/mnt/WorkSpace/data/ngs/liuxin/seq2neo/output_1/PRJNA298376_4242/preprocessing/mapped/PRJNA298376_4242DT/PRJNA298376_4242DT.sorted.bam	/t9k/mnt/WorkSpace/data/ngs/liuxin/seq2neo/output_1/PRJNA298376_4242/preprocessing/mapped/PRJNA298376_4242RT/PRJNA298376_4242RT.bam	4
PRJNA298376_4245	PASS	/t9k/mnt/hdd/work/Vax/pipeline/rnadnavar/examples/seq2neo/output_reconsensus/PRJNA298376_4245/rescue/PRJNA298376_4245DT_vs_PRJNA298376_4245DN_rescued_PRJNA298376_4245RT_realign_vs_PRJNA298376_4245DN/PRJNA298376_4245DT_vs_PRJNA298376_4245DN_rescued_PRJNA298376_4245RT_realign_vs_PRJNA298376_4245DN.filtered.vcf.stripped.vcf.gz	/t9k/mnt/WorkSpace/data/ngs/xuzhenyu/work/seq2neo/output/PRJNA298376_4245/preprocessing/mapped/PRJNA298376_4245DN/PRJNA298376_4245DN.sorted.bam	/t9k/mnt/WorkSpace/data/ngs/xuzhenyu/work/seq2neo/output/PRJNA298376_4245/preprocessing/mapped/PRJNA298376_4245DT/PRJNA298376_4245DT.sorted.bam	/t9k/mnt/WorkSpace/data/ngs/xuzhenyu/work/seq2neo/output/PRJNA298376_4245/preprocessing/mapped/PRJNA298376_4245RT/PRJNA298376_4245RT.bam	2
PRJNA298376_4246	PASS	/t9k/mnt/hdd/work/Vax/pipeline/rnadnavar/examples/seq2neo/output_reconsensus/PRJNA298376_4246/rescue/PRJNA298376_4246DT_vs_PRJNA298376_4246DN_rescued_PRJNA298376_4246RT_realign_vs_PRJNA298376_4246DN/PRJNA298376_4246DT_vs_PRJNA298376_4246DN_rescued_PRJNA298376_4246RT_realign_vs_PRJNA298376_4246DN.filtered.vcf.stripped.vcf.gz	/t9k/mnt/WorkSpace/data/ngs/xuzhenyu/work/seq2neo/output/PRJNA298376_4246/preprocessing/mapped/PRJNA298376_4246DN/PRJNA298376_4246DN.sorted.bam	/t9k/mnt/WorkSpace/data/ngs/xuzhenyu/work/seq2neo/output/PRJNA298376_4246/preprocessing/mapped/PRJNA298376_4246DT/PRJNA298376_4246DT.sorted.bam	/t9k/mnt/WorkSpace/data/ngs/xuzhenyu/work/seq2neo/output/PRJNA298376_4246/preprocessing/mapped/PRJNA298376_4246RT/PRJNA298376_4246RT.bam	2
PRJNA298376_4247	PASS	/t9k/mnt/hdd/work/Vax/pipeline/rnadnavar/examples/seq2neo/output_reconsensus/PRJNA298376_4247/rescue/PRJNA298376_4247DT_vs_PRJNA298376_4247DN_rescued_PRJNA298376_4247RT_realign_vs_PRJNA298376_4247DN/PRJNA298376_4247DT_vs_PRJNA298376_4247DN_rescued_PRJNA298376_4247RT_realign_vs_PRJNA298376_4247DN.filtered.vcf.stripped.vcf.gz	/t9k/mnt/WorkSpace/data/ngs/liuxin/seq2neo/output_1/PRJNA298376_4247/preprocessing/mapped/PRJNA298376_4247DN/PRJNA298376_4247DN.sorted.bam	/t9k/mnt/WorkSpace/data/ngs/liuxin/seq2neo/output_1/PRJNA298376_4247/preprocessing/mapped/PRJNA298376_4247DT/PRJNA298376_4247DT.sorted.bam	/t9k/mnt/WorkSpace/data/ngs/liuxin/seq2neo/output_1/PRJNA298376_4247/preprocessing/mapped/PRJNA298376_4247RT/PRJNA298376_4247RT.bam	4
PRJNA298376_4252	PASS	/t9k/mnt/hdd/work/Vax/pipeline/rnadnavar/examples/seq2neo/output_reconsensus/PRJNA298376_4252/rescue/4252DT_vs_4252DN_rescued_4252RT_realign_vs_4252DN/4252DT_vs_4252DN_rescued_4252RT_realign_vs_4252DN.filtered.vcf.stripped.vcf.gz	/t9k/mnt/WorkSpace/data/ngs/zhanlingmin/Rnadnavar/output/4252_rnadnavar/preprocessing/mapped/4252DN/4252DN.sorted.bam	/t9k/mnt/WorkSpace/data/ngs/zhanlingmin/Rnadnavar/output/4252_rnadnavar/preprocessing/mapped/4252DT/4252DT.sorted.bam	/t9k/mnt/WorkSpace/data/ngs/zhanlingmin/Rnadnavar/output/4252_rnadnavar/preprocessing/mapped/4252RT/4252RT.bam	1
PRJNA298376_4255	WARN	/t9k/mnt/hdd/work/Vax/pipeline/rnadnavar/examples/seq2neo/runs/label_qc/cohort66_apply/cleaned_vcf/PRJNA298376_4255.bgz.vcf.gz	/t9k/mnt/WorkSpace/data/ngs/zhanlingmin/Rnadnavar/output/4255_rnadnavar/preprocessing/mapped/4255DN/4255DN.sorted.bam	/t9k/mnt/WorkSpace/data/ngs/zhanlingmin/Rnadnavar/output/4255_rnadnavar/preprocessing/mapped/4255DT/4255DT.sorted.bam	/t9k/mnt/WorkSpace/data/ngs/zhanlingmin/Rnadnavar/output/4255_rnadnavar/preprocessing/mapped/4255RT/4255RT.bam	1
PRJNA298376_4257	PASS	/t9k/mnt/hdd/work/Vax/pipeline/rnadnavar/examples/seq2neo/output_reconsensus/PRJNA298376_4257/rescue/PRJNA298376_4257DT_vs_PRJNA298376_4257DN_rescued_PRJNA298376_4257RT_realign_vs_PRJNA298376_4257DN/PRJNA298376_4257DT_vs_PRJNA298376_4257DN_rescued_PRJNA298376_4257RT_realign_vs_PRJNA298376_4257DN.filtered.vcf.stripped.vcf.gz	/t9k/mnt/WorkSpace/data/ngs/liuxin/seq2neo/output_1/PRJNA298376_4257/preprocessing/mapped/PRJNA298376_4257DN/PRJNA298376_4257DN.sorted.bam	/t9k/mnt/WorkSpace/data/ngs/liuxin/seq2neo/output_1/PRJNA298376_4257/preprocessing/mapped/PRJNA298376_4257DT/PRJNA298376_4257DT.sorted.bam	/t9k/mnt/WorkSpace/data/ngs/liuxin/seq2neo/output_1/PRJNA298376_4257/preprocessing/mapped/PRJNA298376_4257RT/PRJNA298376_4257RT.bam	4
PRJNA298376_4259	PASS	/t9k/mnt/hdd/work/Vax/pipeline/rnadnavar/examples/seq2neo/output_reconsensus/PRJNA298376_4259/rescue/PRJNA298376_4259DT_vs_PRJNA298376_4259DN_rescued_PRJNA298376_4259RT_realign_vs_PRJNA298376_4259DN/PRJNA298376_4259DT_vs_PRJNA298376_4259DN_rescued_PRJNA298376_4259RT_realign_vs_PRJNA298376_4259DN.filtered.vcf.stripped.vcf.gz	/t9k/mnt/WorkSpace/data/ngs/xuzhenyu/work/seq2neo/output/PRJNA298376_4259/preprocessing/mapped/PRJNA298376_4259DN/PRJNA298376_4259DN.sorted.bam	/t9k/mnt/WorkSpace/data/ngs/xuzhenyu/work/seq2neo/output/PRJNA298376_4259/preprocessing/mapped/PRJNA298376_4259DT/PRJNA298376_4259DT.sorted.bam	/t9k/mnt/WorkSpace/data/ngs/xuzhenyu/work/seq2neo/output/PRJNA298376_4259/preprocessing/mapped/PRJNA298376_4259RT/PRJNA298376_4259RT.bam	2
PRJNA298376_4262	PASS	/t9k/mnt/hdd/work/Vax/pipeline/rnadnavar/examples/seq2neo/output_reconsensus/PRJNA298376_4262/rescue/4262DT_vs_4262DN_rescued_4262RT_realign_vs_4262DN/4262DT_vs_4262DN_rescued_4262RT_realign_vs_4262DN.filtered.vcf.stripped.vcf.gz	/t9k/mnt/WorkSpace/data/ngs/zhanlingmin/Rnadnavar/output/4262_rnadnavar/preprocessing/mapped/4262DN/4262DN.sorted.bam	/t9k/mnt/WorkSpace/data/ngs/zhanlingmin/Rnadnavar/output/4262_rnadnavar/preprocessing/mapped/4262DT/4262DT.sorted.bam	/t9k/mnt/WorkSpace/data/ngs/zhanlingmin/Rnadnavar/output/4262_rnadnavar/preprocessing/mapped/4262RT/4262RT.bam	1
PRJNA298376_4263	PASS	/t9k/mnt/hdd/work/Vax/pipeline/rnadnavar/examples/seq2neo/output_reconsensus/PRJNA298376_4263/rescue/PRJNA298376_4263DT_vs_PRJNA298376_4263DN_rescued_PRJNA298376_4263RT_realign_vs_PRJNA298376_4263DN/PRJNA298376_4263DT_vs_PRJNA298376_4263DN_rescued_PRJNA298376_4263RT_realign_vs_PRJNA298376_4263DN.filtered.vcf.stripped.vcf.gz	/t9k/mnt/WorkSpace/data/ngs/xuzhenyu/work/seq2neo/output/PRJNA298376_4263/preprocessing/mapped/PRJNA298376_4263DN/PRJNA298376_4263DN.sorted.bam	/t9k/mnt/WorkSpace/data/ngs/xuzhenyu/work/seq2neo/output/PRJNA298376_4263/preprocessing/mapped/PRJNA298376_4263DT/PRJNA298376_4263DT.sorted.bam	/t9k/mnt/WorkSpace/data/ngs/xuzhenyu/work/seq2neo/output/PRJNA298376_4263/preprocessing/mapped/PRJNA298376_4263RT/PRJNA298376_4263RT.bam	2
PRJNA298376_4264	PASS	/t9k/mnt/hdd/work/Vax/pipeline/rnadnavar/examples/seq2neo/output_reconsensus/PRJNA298376_4264/rescue/PRJNA298376_4264DT_vs_PRJNA298376_4264DN_rescued_PRJNA298376_4264RT_realign_vs_PRJNA298376_4264DN/PRJNA298376_4264DT_vs_PRJNA298376_4264DN_rescued_PRJNA298376_4264RT_realign_vs_PRJNA298376_4264DN.filtered.vcf.stripped.vcf.gz	/t9k/mnt/WorkSpace/data/ngs/liuxin/seq2neo/output_1/PRJNA298376_4264/preprocessing/mapped/PRJNA298376_4264DN/PRJNA298376_4264DN.sorted.bam	/t9k/mnt/WorkSpace/data/ngs/liuxin/seq2neo/output_1/PRJNA298376_4264/preprocessing/mapped/PRJNA298376_4264DT/PRJNA298376_4264DT.sorted.bam	/t9k/mnt/WorkSpace/data/ngs/liuxin/seq2neo/output_1/PRJNA298376_4264/preprocessing/mapped/PRJNA298376_4264RT/PRJNA298376_4264RT.bam	3
PRJNA298376_4265	PASS	/t9k/mnt/hdd/work/Vax/pipeline/rnadnavar/examples/seq2neo/output_reconsensus/PRJNA298376_4265/rescue/PRJNA298376_4265DT_vs_PRJNA298376_4265DN_rescued_PRJNA298376_4265RT_realign_vs_PRJNA298376_4265DN/PRJNA298376_4265DT_vs_PRJNA298376_4265DN_rescued_PRJNA298376_4265RT_realign_vs_PRJNA298376_4265DN.filtered.vcf.stripped.vcf.gz	/t9k/mnt/WorkSpace/data/ngs/liuxin/seq2neo/output_1/PRJNA298376_4265/preprocessing/mapped/PRJNA298376_4265DN/PRJNA298376_4265DN.sorted.bam	/t9k/mnt/WorkSpace/data/ngs/liuxin/seq2neo/output_1/PRJNA298376_4265/preprocessing/mapped/PRJNA298376_4265DT/PRJNA298376_4265DT.sorted.bam	/t9k/mnt/WorkSpace/data/ngs/liuxin/seq2neo/output_1/PRJNA298376_4265/preprocessing/mapped/PRJNA298376_4265RT/PRJNA298376_4265RT.bam	4
PRJNA298376_4266	PASS	/t9k/mnt/hdd/work/Vax/pipeline/rnadnavar/examples/seq2neo/output_reconsensus/PRJNA298376_4266/rescue/PRJNA298376_4266DT_vs_PRJNA298376_4266DN_rescued_PRJNA298376_4266RT_realign_vs_PRJNA298376_4266DN/PRJNA298376_4266DT_vs_PRJNA298376_4266DN_rescued_PRJNA298376_4266RT_realign_vs_PRJNA298376_4266DN.filtered.vcf.stripped.vcf.gz	/t9k/mnt/WorkSpace/data/ngs/xuzhenyu/work/seq2neo/output/PRJNA298376_4266/preprocessing/mapped/PRJNA298376_4266DN/PRJNA298376_4266DN.sorted.bam	/t9k/mnt/WorkSpace/data/ngs/xuzhenyu/work/seq2neo/output/PRJNA298376_4266/preprocessing/mapped/PRJNA298376_4266DT/PRJNA298376_4266DT.sorted.bam	/t9k/mnt/WorkSpace/data/ngs/xuzhenyu/work/seq2neo/output/PRJNA298376_4266/preprocessing/mapped/PRJNA298376_4266RT/PRJNA298376_4266RT.bam	2
PRJNA298376_4268	PASS	/t9k/mnt/hdd/work/Vax/pipeline/rnadnavar/examples/seq2neo/output_reconsensus/PRJNA298376_4268/rescue/4268DT_vs_4268DN_rescued_4268RT_realign_vs_4268DN/4268DT_vs_4268DN_rescued_4268RT_realign_vs_4268DN.filtered.vcf.stripped.vcf.gz	/t9k/mnt/WorkSpace/data/ngs/zhanlingmin/Rnadnavar/output/4268_rnadnavar/preprocessing/mapped/4268DN/4268DN.sorted.bam	/t9k/mnt/WorkSpace/data/ngs/zhanlingmin/Rnadnavar/output/4268_rnadnavar/preprocessing/mapped/4268DT/4268DT.sorted.bam	/t9k/mnt/WorkSpace/data/ngs/zhanlingmin/Rnadnavar/output/4268_rnadnavar/preprocessing/mapped/4268RT/4268RT.bam	1
PRJNA298376_4270	PASS	/t9k/mnt/hdd/work/Vax/pipeline/rnadnavar/examples/seq2neo/output_reconsensus/PRJNA298376_4270/rescue/PRJNA298376_4270DT_vs_PRJNA298376_4270DN_rescued_PRJNA298376_4270RT_realign_vs_PRJNA298376_4270DN/PRJNA298376_4270DT_vs_PRJNA298376_4270DN_rescued_PRJNA298376_4270RT_realign_vs_PRJNA298376_4270DN.filtered.vcf.stripped.vcf.gz	/t9k/mnt/WorkSpace/data/ngs/liuxin/seq2neo/output_1/PRJNA298376_4270/preprocessing/mapped/PRJNA298376_4270DN/PRJNA298376_4270DN.sorted.bam	/t9k/mnt/WorkSpace/data/ngs/liuxin/seq2neo/output_1/PRJNA298376_4270/preprocessing/mapped/PRJNA298376_4270DT/PRJNA298376_4270DT.sorted.bam	/t9k/mnt/WorkSpace/data/ngs/liuxin/seq2neo/output_1/PRJNA298376_4270/preprocessing/mapped/PRJNA298376_4270RT/PRJNA298376_4270RT.bam	4
PRJNA298376_4271	PASS	/t9k/mnt/hdd/work/Vax/pipeline/rnadnavar/examples/seq2neo/output_reconsensus/PRJNA298376_4271/rescue/4271DT_vs_4271DN_rescued_4271RT_realign_vs_4271DN/4271DT_vs_4271DN_rescued_4271RT_realign_vs_4271DN.filtered.vcf.stripped.vcf.gz	/t9k/mnt/WorkSpace/data/ngs/zhanlingmin/Rnadnavar/output/4271_rnadnavar/preprocessing/mapped/4271DN/4271DN.sorted.bam	/t9k/mnt/WorkSpace/data/ngs/zhanlingmin/Rnadnavar/output/4271_rnadnavar/preprocessing/mapped/4271DT/4271DT.sorted.bam	/t9k/mnt/WorkSpace/data/ngs/zhanlingmin/Rnadnavar/output/4271_rnadnavar/preprocessing/mapped/4271RT/4271RT.bam	1
PRJNA298376_4272	PASS	/t9k/mnt/hdd/work/Vax/pipeline/rnadnavar/examples/seq2neo/output_reconsensus/PRJNA298376_4272/rescue/PRJNA298376_4272DT_vs_PRJNA298376_4272DN_rescued_PRJNA298376_4272RT_realign_vs_PRJNA298376_4272DN/PRJNA298376_4272DT_vs_PRJNA298376_4272DN_rescued_PRJNA298376_4272RT_realign_vs_PRJNA298376_4272DN.filtered.vcf.stripped.vcf.gz	/t9k/mnt/WorkSpace/data/ngs/liuxin/seq2neo/output_1/PRJNA298376_4272/preprocessing/mapped/PRJNA298376_4272DN/PRJNA298376_4272DN.sorted.bam	/t9k/mnt/WorkSpace/data/ngs/liuxin/seq2neo/output_1/PRJNA298376_4272/preprocessing/mapped/PRJNA298376_4272DT/PRJNA298376_4272DT.sorted.bam	/t9k/mnt/WorkSpace/data/ngs/liuxin/seq2neo/output_1/PRJNA298376_4272/preprocessing/mapped/PRJNA298376_4272RT/PRJNA298376_4272RT.bam	3
PRJNA298376_4273	PASS	/t9k/mnt/hdd/work/Vax/pipeline/rnadnavar/examples/seq2neo/output_reconsensus/PRJNA298376_4273/rescue/PRJNA298376_4273DT_vs_PRJNA298376_4273DN_rescued_PRJNA298376_4273RT_realign_vs_PRJNA298376_4273DN/PRJNA298376_4273DT_vs_PRJNA298376_4273DN_rescued_PRJNA298376_4273RT_realign_vs_PRJNA298376_4273DN.filtered.vcf.stripped.vcf.gz	/t9k/mnt/WorkSpace/data/ngs/liuxin/seq2neo/output_1/PRJNA298376_4273/preprocessing/mapped/PRJNA298376_4273DN/PRJNA298376_4273DN.sorted.bam	/t9k/mnt/WorkSpace/data/ngs/liuxin/seq2neo/output_1/PRJNA298376_4273/preprocessing/mapped/PRJNA298376_4273DT/PRJNA298376_4273DT.sorted.bam	/t9k/mnt/WorkSpace/data/ngs/liuxin/seq2neo/output_1/PRJNA298376_4273/preprocessing/mapped/PRJNA298376_4273RT/PRJNA298376_4273RT.bam	4
PRJNA298376_4274	PASS	/t9k/mnt/hdd/work/Vax/pipeline/rnadnavar/examples/seq2neo/output_reconsensus/PRJNA298376_4274/rescue/PRJNA298376_4274DT_vs_PRJNA298376_4274DN_rescued_PRJNA298376_4274RT_realign_vs_PRJNA298376_4274DN/PRJNA298376_4274DT_vs_PRJNA298376_4274DN_rescued_PRJNA298376_4274RT_realign_vs_PRJNA298376_4274DN.filtered.vcf.stripped.vcf.gz	/t9k/mnt/WorkSpace/data/ngs/liuxin/seq2neo/output_1/PRJNA298376_4274/preprocessing/mapped/PRJNA298376_4274DN/PRJNA298376_4274DN.sorted.bam	/t9k/mnt/WorkSpace/data/ngs/liuxin/seq2neo/output_1/PRJNA298376_4274/preprocessing/mapped/PRJNA298376_4274DT/PRJNA298376_4274DT.sorted.bam	/t9k/mnt/WorkSpace/data/ngs/liuxin/seq2neo/output_1/PRJNA298376_4274/preprocessing/mapped/PRJNA298376_4274RT/PRJNA298376_4274RT.bam	4
PRJNA298376_4275	PASS	/t9k/mnt/hdd/work/Vax/pipeline/rnadnavar/examples/seq2neo/output_reconsensus/PRJNA298376_4275/rescue/4275DT_vs_4275DN_rescued_4275RT_realign_vs_4275DN/4275DT_vs_4275DN_rescued_4275RT_realign_vs_4275DN.filtered.vcf.stripped.vcf.gz	/t9k/mnt/WorkSpace/data/ngs/zhanlingmin/Rnadnavar/output/4275_rnadnavar/preprocessing/mapped/4275DN/4275DN.sorted.bam	/t9k/mnt/WorkSpace/data/ngs/zhanlingmin/Rnadnavar/output/4275_rnadnavar/preprocessing/mapped/4275DT/4275DT.sorted.bam	/t9k/mnt/WorkSpace/data/ngs/zhanlingmin/Rnadnavar/output/4275_rnadnavar/preprocessing/mapped/4275RT/4275RT.bam	1
PRJNA298376_4278	PASS	/t9k/mnt/hdd/work/Vax/pipeline/rnadnavar/examples/seq2neo/output_reconsensus/PRJNA298376_4278/rescue/4278DT_vs_4278DN_rescued_4278RT_realign_vs_4278DN/4278DT_vs_4278DN_rescued_4278RT_realign_vs_4278DN.filtered.vcf.stripped.vcf.gz	/t9k/mnt/WorkSpace/data/ngs/zhanlingmin/Rnadnavar/output/4278_rnadnavar/preprocessing/mapped/4278DN/4278DN.sorted.bam	/t9k/mnt/WorkSpace/data/ngs/zhanlingmin/Rnadnavar/output/4278_rnadnavar/preprocessing/mapped/4278DT/4278DT.sorted.bam	/t9k/mnt/WorkSpace/data/ngs/zhanlingmin/Rnadnavar/output/4278_rnadnavar/preprocessing/mapped/4278RT/4278RT.bam	1
PRJNA298376_4283	PASS	/t9k/mnt/hdd/work/Vax/pipeline/rnadnavar/examples/seq2neo/output_reconsensus/PRJNA298376_4283/rescue/4283DT_vs_4283DN_rescued_4283RT_realign_vs_4283DN/4283DT_vs_4283DN_rescued_4283RT_realign_vs_4283DN.filtered.vcf.stripped.vcf.gz	/t9k/mnt/WorkSpace/data/ngs/zhanlingmin/Rnadnavar/output/4283_rnadnavar/preprocessing/mapped/4283DN/4283DN.sorted.bam	/t9k/mnt/WorkSpace/data/ngs/zhanlingmin/Rnadnavar/output/4283_rnadnavar/preprocessing/mapped/4283DT/4283DT.sorted.bam	/t9k/mnt/WorkSpace/data/ngs/zhanlingmin/Rnadnavar/output/4283_rnadnavar/preprocessing/mapped/4283RT/4283RT.bam	1
PRJNA298376_4284	PASS	/t9k/mnt/hdd/work/Vax/pipeline/rnadnavar/examples/seq2neo/output_reconsensus/PRJNA298376_4284/rescue/4284DT_vs_4284DN_rescued_4284RT_realign_vs_4284DN/4284DT_vs_4284DN_rescued_4284RT_realign_vs_4284DN.filtered.vcf.stripped.vcf.gz	/t9k/mnt/WorkSpace/data/ngs/zhanlingmin/Rnadnavar/output/4284_rnadnavar/preprocessing/mapped/4284DN/4284DN.sorted.bam	/t9k/mnt/WorkSpace/data/ngs/zhanlingmin/Rnadnavar/output/4284_rnadnavar/preprocessing/mapped/4284DT/4284DT.sorted.bam	/t9k/mnt/WorkSpace/data/ngs/zhanlingmin/Rnadnavar/output/4284_rnadnavar/preprocessing/mapped/4284RT/4284RT.bam	1
PRJNA298376_4285	PASS	/t9k/mnt/hdd/work/Vax/pipeline/rnadnavar/examples/seq2neo/output_reconsensus/PRJNA298376_4285/rescue/PRJNA298376_4285DT_vs_PRJNA298376_4285DN_rescued_PRJNA298376_4285RT_realign_vs_PRJNA298376_4285DN/PRJNA298376_4285DT_vs_PRJNA298376_4285DN_rescued_PRJNA298376_4285RT_realign_vs_PRJNA298376_4285DN.filtered.vcf.stripped.vcf.gz	/t9k/mnt/WorkSpace/data/ngs/liuxin/seq2neo/output_1/PRJNA298376_4285/preprocessing/mapped/PRJNA298376_4285DN/PRJNA298376_4285DN.sorted.bam	/t9k/mnt/WorkSpace/data/ngs/liuxin/seq2neo/output_1/PRJNA298376_4285/preprocessing/mapped/PRJNA298376_4285DT/PRJNA298376_4285DT.sorted.bam	/t9k/mnt/WorkSpace/data/ngs/liuxin/seq2neo/output_1/PRJNA298376_4285/preprocessing/mapped/PRJNA298376_4285RT/PRJNA298376_4285RT.bam	4
